<?xml version="1.0" encoding="UTF-8"?>
<export version="D">
  <design>
    <source>C:\Users\Ian\Desktop\Projects\Turbo_Badge\Turbo_Badge\Turbo_Badge.sch</source>
    <date>9/25/2018 2:26:58 PM</date>
    <tool>Eeschema (5.0.0)</tool>
    <sheet number="1" name="/" tstamps="/">
      <title_block>
        <title>Turbo Badge</title>
        <company>Digilent</company>
        <rev>Rev A</rev>
        <date>2018-08-17</date>
        <source>Turbo_Badge.sch</source>
        <comment number="1" value=""/>
        <comment number="2" value=""/>
        <comment number="3" value=""/>
        <comment number="4" value="Author: Ian Etheridge"/>
      </title_block>
    </sheet>
  </design>
  <components>
    <comp ref="U1">
      <value>NE555</value>
      <footprint>Package_DIP:DIP-8_W7.62mm</footprint>
      <datasheet>http://www.ti.com/lit/ds/symlink/tlc555.pdf</datasheet>
      <libsource lib="Timer" part="TLC555" description="CMOS Timer"/>
      <sheetpath names="/" tstamps="/"/>
      <tstamp>5B6B63C4</tstamp>
    </comp>
    <comp ref="R3">
      <value>47</value>
      <footprint>Resistor_THT:R_Axial_DIN0207_L6.3mm_D2.5mm_P7.62mm_Horizontal</footprint>
      <datasheet>~</datasheet>
      <libsource lib="Device" part="R" description="Resistor"/>
      <sheetpath names="/" tstamps="/"/>
      <tstamp>5B6B658E</tstamp>
    </comp>
    <comp ref="R2">
      <value>10k</value>
      <footprint>Resistor_THT:R_Axial_DIN0207_L6.3mm_D2.5mm_P7.62mm_Horizontal</footprint>
      <datasheet>~</datasheet>
      <libsource lib="Device" part="R" description="Resistor"/>
      <sheetpath names="/" tstamps="/"/>
      <tstamp>5B6B65CA</tstamp>
    </comp>
    <comp ref="R1">
      <value>10k</value>
      <footprint>Resistor_THT:R_Axial_DIN0207_L6.3mm_D2.5mm_P7.62mm_Horizontal</footprint>
      <datasheet>~</datasheet>
      <libsource lib="Device" part="R" description="Resistor"/>
      <sheetpath names="/" tstamps="/"/>
      <tstamp>5B6B65F3</tstamp>
    </comp>
    <comp ref="D1">
      <value>LED_Green</value>
      <footprint>LED_THT:LED_D5.0mm</footprint>
      <datasheet>~</datasheet>
      <libsource lib="Device" part="LED" description="LED generic"/>
      <sheetpath names="/" tstamps="/"/>
      <tstamp>5B6B6993</tstamp>
    </comp>
    <comp ref="C1">
      <value>47uF</value>
      <footprint>Capacitor_THT:CP_Radial_D6.3mm_P2.50mm</footprint>
      <datasheet>~</datasheet>
      <libsource lib="Device" part="CP1" description="Polarised capacitor"/>
      <sheetpath names="/" tstamps="/"/>
      <tstamp>5B6B6CCB</tstamp>
    </comp>
    <comp ref="J1">
      <value>Conn_01x01_Female</value>
      <footprint>TestPoint:TestPoint_THTPad_D2.0mm_Drill1.0mm</footprint>
      <datasheet>~</datasheet>
      <libsource lib="Connector" part="Conn_01x01_Female" description="Generic connector, single row, 01x01, script generated (kicad-library-utils/schlib/autogen/connector/)"/>
      <sheetpath names="/" tstamps="/"/>
      <tstamp>5B77D9B7</tstamp>
    </comp>
    <comp ref="J2">
      <value>Conn_01x01_Female</value>
      <footprint>TestPoint:TestPoint_THTPad_D2.0mm_Drill1.0mm</footprint>
      <datasheet>~</datasheet>
      <libsource lib="Connector" part="Conn_01x01_Female" description="Generic connector, single row, 01x01, script generated (kicad-library-utils/schlib/autogen/connector/)"/>
      <sheetpath names="/" tstamps="/"/>
      <tstamp>5B77DABA</tstamp>
    </comp>
    <comp ref="J8">
      <value>Conn_01x01_Female</value>
      <footprint>TestPoint:TestPoint_THTPad_D2.0mm_Drill1.0mm</footprint>
      <datasheet>~</datasheet>
      <libsource lib="Connector" part="Conn_01x01_Female" description="Generic connector, single row, 01x01, script generated (kicad-library-utils/schlib/autogen/connector/)"/>
      <sheetpath names="/" tstamps="/"/>
      <tstamp>5B77DB5A</tstamp>
    </comp>
    <comp ref="J7">
      <value>Conn_01x01_Female</value>
      <footprint>TestPoint:TestPoint_THTPad_D2.0mm_Drill1.0mm</footprint>
      <datasheet>~</datasheet>
      <libsource lib="Connector" part="Conn_01x01_Female" description="Generic connector, single row, 01x01, script generated (kicad-library-utils/schlib/autogen/connector/)"/>
      <sheetpath names="/" tstamps="/"/>
      <tstamp>5B77DFE7</tstamp>
    </comp>
    <comp ref="J4">
      <value>Conn_01x01_Female</value>
      <footprint>TestPoint:TestPoint_THTPad_D2.0mm_Drill1.0mm</footprint>
      <datasheet>~</datasheet>
      <libsource lib="Connector" part="Conn_01x01_Female" description="Generic connector, single row, 01x01, script generated (kicad-library-utils/schlib/autogen/connector/)"/>
      <sheetpath names="/" tstamps="/"/>
      <tstamp>5B77FDFC</tstamp>
    </comp>
    <comp ref="J5">
      <value>Conn_01x01_Female</value>
      <footprint>TestPoint:TestPoint_THTPad_D2.0mm_Drill1.0mm</footprint>
      <datasheet>~</datasheet>
      <libsource lib="Connector" part="Conn_01x01_Female" description="Generic connector, single row, 01x01, script generated (kicad-library-utils/schlib/autogen/connector/)"/>
      <sheetpath names="/" tstamps="/"/>
      <tstamp>5B77FE54</tstamp>
    </comp>
    <comp ref="J6">
      <value>Conn_01x01_Female</value>
      <footprint>TestPoint:TestPoint_THTPad_D2.0mm_Drill1.0mm</footprint>
      <datasheet>~</datasheet>
      <libsource lib="Connector" part="Conn_01x01_Female" description="Generic connector, single row, 01x01, script generated (kicad-library-utils/schlib/autogen/connector/)"/>
      <sheetpath names="/" tstamps="/"/>
      <tstamp>5B77FEB0</tstamp>
    </comp>
    <comp ref="J3">
      <value>Conn_01x01_Female</value>
      <footprint>TestPoint:TestPoint_THTPad_D2.0mm_Drill1.0mm</footprint>
      <datasheet>~</datasheet>
      <libsource lib="Connector" part="Conn_01x01_Female" description="Generic connector, single row, 01x01, script generated (kicad-library-utils/schlib/autogen/connector/)"/>
      <sheetpath names="/" tstamps="/"/>
      <tstamp>5B77FEF4</tstamp>
    </comp>
    <comp ref="BAT1">
      <value>BS-7</value>
      <footprint>digikey-symbols:Battery_Holder_Coin_2032_BS-7</footprint>
      <datasheet>http://www.memoryprotectiondevices.com/datasheets/BS-7-datasheet.pdf</datasheet>
      <fields>
        <field name="Category">Battery Products</field>
        <field name="DK_Datasheet_Link">http://www.memoryprotectiondevices.com/datasheets/BS-7-datasheet.pdf</field>
        <field name="DK_Detail_Page">/product-detail/en/mpd-memory-protection-devices/BS-7/BS-7-ND/389447</field>
        <field name="Description">HOLDER COINCELL 2032 RETAINRCLIP</field>
        <field name="Digi-Key_PN">BS-7-ND</field>
        <field name="Family">Battery Holders, Clips, Contacts</field>
        <field name="MPN">BS-7</field>
        <field name="Manufacturer">MPD (Memory Protection Devices)</field>
        <field name="Status">Active</field>
      </fields>
      <libsource lib="BatteryStuff" part="BS-7" description="HOLDER COINCELL 2032 RETAINRCLIP"/>
      <sheetpath names="/" tstamps="/"/>
      <tstamp>5B7AFA88</tstamp>
    </comp>
  </components>
  <libparts>
    <libpart lib="BatteryStuff" part="BS-7">
      <description>HOLDER COINCELL 2032 RETAINRCLIP</description>
      <docs>http://www.memoryprotectiondevices.com/datasheets/BS-7-datasheet.pdf</docs>
      <fields>
        <field name="Reference">BAT</field>
        <field name="Value">BS-7</field>
        <field name="Footprint">digikey-footprints:Battery_Holder_Coin_2032_BS-7</field>
        <field name="Datasheet">http://www.memoryprotectiondevices.com/datasheets/BS-7-datasheet.pdf</field>
        <field name="Digi-Key_PN">BS-7-ND</field>
        <field name="MPN">BS-7</field>
        <field name="Category">Battery Products</field>
        <field name="Family">Battery Holders, Clips, Contacts</field>
        <field name="DK_Datasheet_Link">http://www.memoryprotectiondevices.com/datasheets/BS-7-datasheet.pdf</field>
        <field name="DK_Detail_Page">/product-detail/en/mpd-memory-protection-devices/BS-7/BS-7-ND/389447</field>
        <field name="Description">HOLDER COINCELL 2032 RETAINRCLIP</field>
        <field name="Manufacturer">MPD (Memory Protection Devices)</field>
        <field name="Status">Active</field>
      </fields>
      <pins>
        <pin num="Neg" name="~" type="power_out"/>
        <pin num="Pos" name="~" type="power_out"/>
      </pins>
    </libpart>
    <libpart lib="Connector" part="Conn_01x01_Female">
      <description>Generic connector, single row, 01x01, script generated (kicad-library-utils/schlib/autogen/connector/)</description>
      <docs>~</docs>
      <footprints>
        <fp>Connector*:*</fp>
      </footprints>
      <fields>
        <field name="Reference">J</field>
        <field name="Value">Conn_01x01_Female</field>
      </fields>
      <pins>
        <pin num="1" name="Pin_1" type="passive"/>
      </pins>
    </libpart>
    <libpart lib="Device" part="CP1">
      <description>Polarised capacitor</description>
      <docs>~</docs>
      <footprints>
        <fp>CP_*</fp>
      </footprints>
      <fields>
        <field name="Reference">C</field>
        <field name="Value">CP1</field>
      </fields>
      <pins>
        <pin num="1" name="~" type="passive"/>
        <pin num="2" name="~" type="passive"/>
      </pins>
    </libpart>
    <libpart lib="Device" part="LED">
      <description>LED generic</description>
      <docs>~</docs>
      <footprints>
        <fp>LED*</fp>
        <fp>LED_SMD:*</fp>
        <fp>LED_THT:*</fp>
      </footprints>
      <fields>
        <field name="Reference">D</field>
        <field name="Value">LED</field>
      </fields>
      <pins>
        <pin num="1" name="K" type="passive"/>
        <pin num="2" name="A" type="passive"/>
      </pins>
    </libpart>
    <libpart lib="Device" part="R">
      <description>Resistor</description>
      <docs>~</docs>
      <footprints>
        <fp>R_*</fp>
      </footprints>
      <fields>
        <field name="Reference">R</field>
        <field name="Value">R</field>
      </fields>
      <pins>
        <pin num="1" name="~" type="passive"/>
        <pin num="2" name="~" type="passive"/>
      </pins>
    </libpart>
    <libpart lib="Timer" part="TLC555">
      <description>CMOS Timer</description>
      <docs>http://www.ti.com/lit/ds/symlink/tlc555.pdf</docs>
      <footprints>
        <fp>DIP*W7.62mm*</fp>
        <fp>SOIC*3.9x4.9mm*P1.27mm*</fp>
      </footprints>
      <fields>
        <field name="Reference">U</field>
        <field name="Value">TLC555</field>
      </fields>
      <pins>
        <pin num="1" name="GND" type="power_in"/>
        <pin num="2" name="~TRIG" type="input"/>
        <pin num="3" name="OUT" type="output"/>
        <pin num="4" name="~RESET" type="input"/>
        <pin num="5" name="CONT" type="passive"/>
        <pin num="6" name="THRES" type="input"/>
        <pin num="7" name="DISCH" type="openCol"/>
        <pin num="8" name="VDD" type="power_in"/>
      </pins>
    </libpart>
  </libparts>
  <libraries>
    <library logical="BatteryStuff">
      <uri>C:/Users/Ian/Desktop/Projects/Turbo_Badge/Turbo_Badge/digikey-kicad-library-master/digikey-kicad-library-master/digikey-symbols/dk_Battery-Holders-Clips-Contacts.lib</uri>
    </library>
    <library logical="Connector">
      <uri>C:\Program Files\KiCad\share\kicad\library/Connector.lib</uri>
    </library>
    <library logical="Device">
      <uri>C:\Program Files\KiCad\share\kicad\library/Device.lib</uri>
    </library>
    <library logical="Timer">
      <uri>C:\Program Files\KiCad\share\kicad\library/Timer.lib</uri>
    </library>
  </libraries>
  <nets>
    <net code="1" name="Net-(J2-Pad1)">
      <node ref="J2" pin="1"/>
      <node ref="J3" pin="1"/>
    </net>
    <net code="2" name="GND">
      <node ref="U1" pin="1"/>
      <node ref="C1" pin="2"/>
      <node ref="BAT1" pin="Neg"/>
    </net>
    <net code="3" name="VDD">
      <node ref="R1" pin="1"/>
      <node ref="R3" pin="1"/>
      <node ref="U1" pin="8"/>
      <node ref="BAT1" pin="Pos"/>
    </net>
    <net code="4" name="Net-(J6-Pad1)">
      <node ref="J6" pin="1"/>
      <node ref="J7" pin="1"/>
    </net>
    <net code="5" name="Net-(D1-Pad2)">
      <node ref="J4" pin="1"/>
      <node ref="D1" pin="2"/>
    </net>
    <net code="6" name="Net-(D1-Pad1)">
      <node ref="J5" pin="1"/>
      <node ref="D1" pin="1"/>
    </net>
    <net code="7" name="Net-(C1-Pad1)">
      <node ref="R1" pin="2"/>
      <node ref="U1" pin="7"/>
      <node ref="R2" pin="1"/>
      <node ref="C1" pin="1"/>
    </net>
    <net code="8" name="Net-(R2-Pad2)">
      <node ref="R2" pin="2"/>
      <node ref="U1" pin="6"/>
      <node ref="U1" pin="2"/>
    </net>
    <net code="9" name="Net-(J8-Pad1)">
      <node ref="J8" pin="1"/>
      <node ref="U1" pin="3"/>
    </net>
    <net code="10" name="Net-(U1-Pad5)">
      <node ref="U1" pin="5"/>
    </net>
    <net code="11" name="Net-(U1-Pad4)">
      <node ref="U1" pin="4"/>
    </net>
    <net code="12" name="Net-(J1-Pad1)">
      <node ref="R3" pin="2"/>
      <node ref="J1" pin="1"/>
    </net>
  </nets>
</export>
